8002565016375;FRESCA FOGLIA POUR HOMME;24;;8;DADI;0.88;1.49;;;;
8422498807725;FRESCA FOGLIA OCEAN;3;;1;DADI;0.88;14.50;;;;
8002565018027;FRESCA FOGLIA LAVANDA;24;;8;DADI;0.88;1.49;;;;
8002565019024;FRESCA FOGLIA OCEAN;17;;6;DADI;0.88;1.49;;;;
8422498807718;FRESCA FOGLIA OCEAN;3;;1;DADI;0.88;1.49;;;;
8002565014159;INKS CAR FLOWERS;12;;4;DADI;0.88;1.49;;;;
8002565016351;FRESCA FOGLIA FRUTTI DI BOSCO;24;;8;DADI;0.88;1.49;;;;
8002565016368;FRESCA FOGLIA POUR FEMME;24;;8;DADI;0.88;1.49;;;;
8002565018034;FRESCA FOGLIA MENTA;24;;8;DADI;0.88;1.49;;;;
8002565014166;INKS CAR FLOWERS;12;;4;DADI;0.88;1.49;;;;
8002565016313;FRESCA FOGLIA SINGOLA CLASSIC VANIGLIA;24;;8;DADI;0.88;1.49;;;;
8422498807664;FRESCA FOGLIA OCEAN;4;;1;DADI;0.88;1.49;;;;
8002565081021;LIQUIDO FRENI DOT 3 ML175;6;;2;DADI;1.8;2.99;;;;
8002565081106;LIQUIDO FRENI DOT 4 ML175;6;;2;DADI;2.15;3.99;;;;
-2;;;;;;;;;;;
9038599714290;I'll give voglio bene;;;;;;9.99;;;;
8031799714290;;;;;;;;;;;
